,Actor,Audience,success,timestamp
0,exp626,thm220,1,3/24/26 9:28
1,thm220,oya226,1,3/24/26 16:21
2,thm220,edj227,1,3/24/26 16:27
3,thm220,tbp226,1,3/24/26 16:28
4,thm220,jek227,0,3/24/26 16:28
5,thm220,jeo227,1,3/24/26 16:28
6,thm220,lom226,0,3/24/26 16:28
7,thm220,mil426,1,3/24/26 16:28
8,thm220,jek227,1,3/24/26 16:29
9,thm220,sab926,1,3/24/26 16:29
10,thm220,lel225,0,3/24/26 16:29
11,thm220,haw226,1,3/24/26 16:29
12,thm220,rac327,0,3/24/26 16:29
13,thm220,dal226,1,3/24/26 16:30
14,thm220,lom226,0,3/24/26 16:30
15,thm220,lel225,1,3/24/26 19:01
16,thm220,rac327,1,3/24/26 19:01
17,jek227,mbs227,0,3/24/26 19:03
18,jek227,mbs227,1,3/24/26 19:07
19,edj227,ncm229,1,3/24/26 19:52
20,edj227,dip229,1,3/24/26 20:32
21,edj227,chd229,1,3/24/26 20:32
22,edj227,jac228,1,3/24/26 20:36
23,edj227,lyp229,1,3/24/26 20:48
24,edj227,lar326,0,3/24/26 20:51
25,edj227,clt225,1,3/24/26 21:00
26,jek227,mcp226,0,3/24/26 21:09
27,jek227,auw329,0,3/24/26 21:10
28,jek227,nin228,0,3/24/26 21:10
29,jek227,srg229,1,3/24/26 21:10
30,jek227,sce227,1,3/24/26 21:11
31,jek227,acl229,1,3/24/26 21:11
32,jek227,cab228,1,3/24/26 21:11
33,jek227,mcp226,1,3/24/26 21:11
34,jek227,nin228,1,3/24/26 21:11
35,jek227,auw329,1,3/24/26 21:12
36,thm220,lom226,1,3/24/26 21:13
37,jek227,aim828,0,3/24/26 21:13
38,lom226,zok227,1,3/24/26 21:14
39,lom226,kra326,1,3/24/26 21:14
40,lom226,kmd223,1,3/24/26 21:14
41,edj227,saa229,1,3/24/26 21:32
42,edj227,naj229,1,3/24/26 22:05
43,lyp229,nco227,1,3/24/26 23:30
44,clt225,nap228,1,2026-03-25 00:13:16
45,clt225,gap226,0,2026-03-25 00:16:27
46,nap228,owk228,1,2026-03-25 00:17:58
47,edj227,hrk226,1,2026-03-25 00:40:18
48,edj227,prs227,0,2026-03-25 00:40:56
49,edj227,eem226,1,2026-03-25 00:41:37
50,edj227,cab517,1,2026-03-25 00:42:18
51,edj227,cab527,0,2026-03-25 00:42:21
52,edj227,mas328,1,2026-03-25 00:42:41
53,edj227,cab527,1,2026-03-25 00:44:34
54,edj227,jcw227,1,2026-03-25 00:44:42
55,edj227,bil225,1,2026-03-25 00:45:11
56,edj227,cgb227,1,2026-03-25 01:08:19
57,edj227,mae227,0,2026-03-25 01:08:27
58,edj227,ldh227,1,2026-03-25 01:08:33
59,edj227,sey428,0,2026-03-25 01:12:35
60,edj227,mar326,1,2026-03-25 01:14:17
61,edj227,joc728,1,2026-03-25 01:27:04
62,edj227,erk228,1,2026-03-25 01:27:22
63,edj227,pel328,0,2026-03-25 01:49:15
64,lyp229,pib229,1,2026-03-25 02:40:04
65,lom226,afa228,1,2026-03-25 02:53:55
66,edj227,emn228,1,2026-03-25 05:33:36
67,edj227,alk626,1,2026-03-25 14:06:12
68,mil426,scn226,1,2026-03-25 20:28:07
69,mil426,mad226,1,2026-03-25 23:16:23
70,mil426,tta227,1,2026-03-25 23:16:35
71,mil426,akd229,1,2026-03-25 23:16:51
72,auw329,elj329,0,2026-03-25 23:33:35
73,auw329,jej229,1,2026-03-25 23:33:51
74,auw329,jej329,0,2026-03-25 23:34:31
75,auw329,elj329,0,2026-03-25 23:37:00
76,auw329,elj329,1,2026-03-25 23:38:27
77,mil426,arc227,1,2026-03-26 02:16:15
78,mil426,tja227,1,2026-03-26 02:16:39
79,mil426,pja227,1,2026-03-26 02:20:40
80,mil426,pat224,1,2026-03-26 02:22:18
81,lom226,aad227,1,2026-03-26 02:26:43
82,mil426,tig228,1,2026-03-26 02:28:07
83,lom226,jac227,0,2026-03-26 02:30:33
84,mil426,chb227,1,2026-03-26 02:31:43
85,lom226,jac227,0,2026-03-26 02:34:53
86,lom226,koa329,0,2026-03-26 02:36:36
87,lom226,bra229,1,2026-03-26 02:37:27
88,lom226,koa329,1,2026-03-26 02:37:51
89,lom226,jac227,1,2026-03-26 02:38:57
90,mil426,daf426,0,2026-03-26 04:07:41
91,mil426,daf426,0,2026-03-26 04:09:28
92,chb227,ajb227,1,2026-03-26 04:10:30
93,chb227,ebm227,1,2026-03-26 04:11:01
94,mil426,daf426,1,2026-03-26 04:11:56
95,mil426,gia226,1,2026-03-26 14:36:39
96,jek227,are227,1,2026-03-26 15:23:30
97,thm220,mav228,1,2026-03-26 16:16:37
98,thm220,anp326,1,2026-03-26 16:17:11
99,mav228,cgh324,1,2026-03-26 22:41:39
100,lel225,nan228,0,2026-03-27 15:58:46
101,lel225,naj227,1,2026-03-27 15:58:54
102,lel225,lev429,1,2026-03-27 15:59:01
103,lel225,ojs227,0,2026-03-27 15:59:07
104,lel225,sac529,1,2026-03-27 15:59:18
105,lel225,aec227,1,2026-03-27 15:59:27
106,lel225,mar329,1,2026-03-27 15:59:35
107,mav228,nit328,0,2026-03-27 16:09:16
108,mav228,als228,1,2026-03-27 16:09:30
109,mav228,res228,1,2026-03-27 16:09:40
110,mav228,nit328,0,2026-03-27 16:12:07
111,lev429,pad229,0,2026-03-27 16:17:39
112,lel225,cah6,1,2026-03-27 16:28:39
113,lel225,thp328,1,2026-03-27 16:28:47
114,cah6,jum520,0,2026-03-27 17:07:26
115,cah6,mik228,1,2026-03-27 17:07:34
116,cah6,ans311,1,2026-03-27 17:25:03
117,thp328,pil228,1,2026-03-27 18:17:59
118,mav228,dmu228,1,2026-03-28 02:00:39
119,mav228,and828,1,2026-03-28 02:00:51
120,mav228,ame226,1,2026-03-29 04:55:28
121,lom226,pas229,0,2026-03-29 21:18:05
122,lom226,dat329,1,2026-03-29 21:18:12
123,lom226,mjd225,1,2026-03-29 21:18:23
124,lom226,nip526,0,2026-03-29 21:18:34
125,lom226,vrw224,1,2026-03-29 21:18:50
126,lom226,mdw229,1,2026-03-29 21:18:59
127,lom226,nip526,0,2026-03-29 21:20:15
128,mav228,shd328,1,2026-03-30 01:11:31
129,mav228,say228,1,2026-03-30 01:11:40
130,lel225,err226,1,2026-03-30 14:28:10
131,lel225,err226,1,2026-03-30 14:28:11
132,lel225,crh329,1,2026-03-30 14:28:19
133,lel225,mrb229,0,2026-03-30 14:28:28
134,lel225,mcp227,0,2026-03-30 14:28:40
135,thm220,abn226,0,2026-03-30 19:02:53
136,thm220,abn226,1,2026-03-30 19:05:00
137,abn226,joc328,1,2026-03-30 19:05:56
138,abn226,san226,1,2026-03-30 19:09:57
139,abn226,msh226,1,2026-03-30 19:10:21
140,abn226,mab426,1,2026-03-30 19:10:46
141,abn226,oml226,0,2026-03-30 19:13:00
142,abn226,kbr226,1,2026-03-30 19:15:57
143,msh226,crh226,0,2026-03-30 19:18:27
144,abn226,bgc226,1,2026-03-30 19:18:42
145,msh226,grr227,0,2026-03-30 19:19:01
146,msh226,plj227,1,2026-03-30 19:19:36
147,msh226,shp226,1,2026-03-30 19:20:09
148,abn226,oml226,1,2026-03-30 19:20:11
149,msh226,rog227,1,2026-03-30 19:20:26
150,oml226,lsp227,0,2026-03-30 19:21:52
151,bgc226,bsc226,0,2026-03-30 19:22:28
152,abn226,crh226,1,2026-03-30 19:22:49
153,kbr226,smg226,1,2026-03-30 19:22:55
154,kbr226,frd226,1,2026-03-30 19:23:03
155,kbr226,anp226,0,2026-03-30 19:23:09
156,kbr226,srg226,1,2026-03-30 19:23:18
157,kbr226,elc526,1,2026-03-30 19:23:27
158,kbr226,lfs226,1,2026-03-30 19:23:36
159,kbr226,jsm326,1,2026-03-30 19:23:45
160,bgc226,cjr527,1,2026-03-30 19:23:48
161,oml226,lsp227,1,2026-03-30 19:23:55
162,bgc226,apt226,0,2026-03-30 19:24:30
163,bgc226,amc526,0,2026-03-30 19:26:20
164,bgc226,hed226,1,2026-03-30 19:26:36
165,abn226,jcl326,1,2026-03-30 19:30:46
166,abn226,mnl226,1,2026-03-30 19:30:53
167,abn226,raa228,1,2026-03-30 19:32:39
168,abn226,emm528,0,2026-03-30 19:33:17
169,abn226,lit426,1,2026-03-30 19:34:08
170,frd226,alc226,1,2026-03-30 19:44:21
171,abn226,gvw227,1,2026-03-30 19:44:46
172,frd226,auc221,1,2026-03-30 19:44:57
173,abn226,nik227,1,2026-03-30 19:47:31
174,frd226,lmw226,1,2026-03-30 19:51:51
175,frd226,jaw426,1,2026-03-30 19:52:24
176,frd226,sam226,0,2026-03-30 19:52:37
177,frd226,lam726,1,2026-03-30 19:52:53
178,frd226,sam426,1,2026-03-30 19:53:07
179,frd226,sas226,1,2026-03-30 19:53:21
180,frd226,jjh426,1,2026-03-30 19:53:44
181,frd226,mis226,1,2026-03-30 19:54:39
182,frd226,mfr226,1,2026-03-30 19:55:28
183,abn226,mrl526,1,2026-03-30 19:58:56
184,abn226,mjg526,1,2026-03-30 19:59:08
185,abn226,nir226,0,2026-03-30 19:59:18
186,bgc226,dmk427,1,2026-03-30 20:01:24
187,hed226,agv226,1,2026-03-30 21:42:11
188,tbp226,sam226,0,2026-03-31 00:37:40
189,tbp226,clv226,0,2026-03-31 00:39:16
190,tbp226,nbm226,1,2026-03-31 00:39:46
191,tbp226,mam526,1,2026-03-31 00:40:57
192,tbp226,dep326,1,2026-03-31 00:43:02
193,nbm226,smm226,0,2026-03-31 00:43:25
194,thm220,zcb226,1,2026-03-31 02:52:06
195,zcb226,pres,1,2026-03-31 02:52:25
196,abn226,krl423,1,2026-03-31 14:43:03
197,abn226,gia228,1,2026-03-31 14:49:28
198,abn226,lua229,1,2026-03-31 14:49:59
199,abn226,nkb227,1,2026-03-31 14:50:07
200,abn226,soc229,1,2026-03-31 14:50:18
201,abn226,amd229,1,2026-03-31 14:50:28
202,abn226,cad229,0,2026-03-31 14:50:35
203,abn226,maf329,0,2026-03-31 14:50:43
204,abn226,kef229,1,2026-03-31 14:50:52
205,abn226,mff229,1,2026-03-31 14:51:00
206,abn226,skg229,1,2026-03-31 14:51:08
207,abn226,kaj229,1,2026-03-31 14:51:16
208,abn226,anj329,1,2026-03-31 14:51:25
209,abn226,sej229,0,2026-03-31 14:51:32
210,abn226,nok229,1,2026-03-31 14:51:39
211,abn226,nmo229,1,2026-03-31 14:51:50
212,abn226,sap329,0,2026-03-31 14:52:00
213,abn226,hap329,0,2026-03-31 14:52:06
214,abn226,rar428,1,2026-03-31 14:52:17
215,abn226,car229,1,2026-03-31 14:52:24
216,abn226,slt229,1,2026-03-31 14:52:31
217,abn226,art329,1,2026-03-31 14:52:40
218,abn226,aht329,1,2026-03-31 14:52:50
219,abn226,juz229,1,2026-03-31 14:52:58
220,abn226,ziz228,1,2026-03-31 14:53:05
221,tbp226,mjf226,0,2026-03-31 16:27:17
222,tbp226,adb626,1,2026-03-31 16:27:49
223,tbp226,ehs326,1,2026-03-31 16:28:26
224,tbp226,jec326,1,2026-03-31 16:29:08
225,tbp226,tob226,0,2026-03-31 16:30:04
226,tbp226,anp226,1,2026-03-31 16:30:58
227,tbp226,mpg226,1,2026-03-31 16:34:16
228,tbp226,toa226,1,2026-03-31 16:39:34
229,tbp226,asl226,0,2026-03-31 16:39:49
230,tbp226,kek326,0,2026-03-31 16:43:10
231,tbp226,ajh226,1,2026-03-31 16:49:56
232,tbp226,ajh226,1,2026-03-31 16:49:58
233,tbp226,asl226,0,2026-03-31 16:55:23
234,ans311,jum520,1,2026-03-31 18:20:33
235,sab926,crs226,1,2026-03-31 21:11:43
236,sab926,ljs226,1,2026-03-31 21:11:57
237,sab926,ado326,1,2026-03-31 21:12:11
238,sab926,hee226,1,2026-03-31 21:12:30
239,sab926,jek326,1,2026-03-31 21:19:17
240,crs226,cdc226,1,2026-03-31 21:21:28
241,sab926,rcf226,0,2026-03-31 21:37:49
242,sab926,wbf226,1,2026-03-31 21:38:25
243,sab926,smr326,1,2026-03-31 21:51:56
244,abn226,gds226,1,2026-03-31 23:01:10
245,zcb226,dcl226,0,2026-04-01 02:05:47
246,zcb226,opw226,1,2026-04-01 02:24:32
247,sab926,ald326,1,2026-04-01 15:00:45
248,ald326,jus326,1,2026-04-01 15:09:42
249,sab926,nas326,1,2026-04-01 16:11:58
250,sab926,mah326,1,2026-04-01 16:12:04
251,sab926,kak226,1,2026-04-01 16:12:11
252,sab926,rcf226,1,2026-04-01 16:12:18
253,mav228,oma228,0,2026-04-01 22:54:27
254,mav228,haa428,1,2026-04-01 22:54:43
255,mav228,eya228,1,2026-04-02 00:34:35
256,eya228,nit328,1,2026-04-02 00:35:57
257,rac327,rrk227,1,2026-04-02 03:17:00
258,rac327,djf227,1,2026-04-02 03:17:42
259,jek227,mkk322,1,2026-04-02 13:22:42
260,mkk322,mks321,1,2026-04-02 13:29:52
261,anp326,ggf227,0,2026-04-02 15:00:20
262,anp326,jjf326,1,2026-04-02 15:01:29
263,anp326,jem228,0,2026-04-02 15:02:06
264,anp326,led226,1,2026-04-02 15:15:18
265,rrk227,jnm227,1,2026-04-02 15:33:44
266,anp326,vim528,1,2026-04-02 15:35:11
267,jnm227,cho222,1,2026-04-02 15:35:23
268,vim528,wil328,0,2026-04-02 15:44:10
269,abn226,bcg226,0,2026-04-02 17:38:42
270,abn226,tjc226,1,2026-04-02 17:38:54
271,abn226,eeb226,0,2026-04-02 17:39:08
272,lel225,sop328,0,2026-04-02 17:51:27
273,lel225,sop328,1,2026-04-02 17:52:41
274,anp326,mas629,1,2026-04-02 19:06:49
275,anp326,ell229,0,2026-04-02 19:06:58
276,anp326,gmd229,1,2026-04-02 19:07:10
277,nit328,nia228,1,2026-04-02 19:46:58
278,tbp226,erd326,1,2026-04-03 23:58:34
279,tbp226,haf228,0,2026-04-03 23:58:56
280,tbp226,alg226,1,2026-04-04 00:00:02
281,tbp226,kap426,0,2026-04-04 00:01:15
282,tbp226,jet321,1,2026-04-04 00:01:56
283,tbp226,ald626,1,2026-04-04 00:02:43
284,tbp226,aes226,0,2026-04-04 00:05:20
285,tbp226,cew226,1,2026-04-04 00:05:32
286,tbp226,mdc226,1,2026-04-04 00:05:46
287,tbp226,jdh226,0,2026-04-04 00:06:07
288,tbp226,kdc227,1,2026-04-04 00:07:20
289,tbp226,zom326,0,2026-04-04 00:07:34
290,tbp226,oah226,0,2026-04-04 00:07:53
291,tbp226,asl226,1,2026-04-04 00:08:27
292,tbp226,tob226,1,2026-04-04 00:08:45
293,tbp226,ajm826,0,2026-04-04 00:09:22
294,tbp226,jhs326,1,2026-04-04 00:09:48
295,tbp226,ojb226,1,2026-04-04 00:10:03
296,tbp226,mab226,1,2026-04-04 00:10:17
297,tbp226,ist226,1,2026-04-04 00:10:33
298,tbp226,mamg26,1,2026-04-04 00:10:47
299,mdc226,bdv226,1,2026-04-05 15:17:33
300,gia226,ale423,1,2026-04-06 21:22:51
301,ale423,tjk227,1,2026-04-06 21:59:28
302,mkk322,dan322,1,2026-04-07 14:35:59
303,mkk322,mab622,1,2026-04-07 14:36:19
304,mkk322,mmb786,1,2026-04-07 14:36:34
305,mkk322,ktb313,1,2026-04-07 14:36:50
306,mkk322,elh421,1,2026-04-07 14:37:02
307,anp326,eml226,0,2026-04-07 15:35:52
308,anp326,kad425,1,2026-04-07 15:50:07
309,mav228,daj428,1,2026-04-07 17:43:28
310,ktb313,snc325,1,2026-04-07 17:55:03
311,sab926,lat226,1,2026-04-07 18:06:52
312,sab926,sew523,1,2026-04-07 18:07:03
313,snc325,cas320,1,2026-04-07 18:27:47
314,snc325,cas320@lehigh.edu,1,2026-04-07 18:27:55
315,rac327,jaw227,1,2026-04-07 18:28:52
316,rac327,jos227,1,2026-04-07 18:30:39
317,daj428,sah226,0,2026-04-07 18:41:47
318,anp326,mjw427,1,2026-04-08 00:21:19
319,ist226,sec226,1,2026-04-08 00:50:31
320,abn226,eeb226,1,2026-04-08 13:37:33
321,eeb226,ajc626,1,2026-04-08 13:40:05
322,ajc626,mil726,1,2026-04-08 14:17:21
323,eeb226,beb226,1,2026-04-08 14:56:24
324,eeb226,mrw526,1,2026-04-08 14:57:40
325,eeb226,kamb26,0,2026-04-08 14:58:47
326,nia228,zog228,0,2026-04-08 22:35:33
327,nit328,zog228,1,2026-04-08 22:40:54
328,nia228,gal228,1,2026-04-08 22:44:25
329,ist226,ajs826,1,2026-04-09 00:27:30
330,nia228,ipw229,1,2026-04-09 22:16:04
331,ist226,aht226,1,2026-04-10 01:37:00
332,sab926,hme226,1,2026-04-10 16:25:29
333,lel225,jac821,1,2026-04-10 20:30:58
334,sop328,vae227,1,2026-04-10 21:00:39
335,vae227,mrb227,1,2026-04-10 23:20:49
336,vae227,phe222,1,2026-04-12 02:22:22
337,jeo227,wkl227,1,2026-04-12 19:50:17
338,jeo227,gal227,1,2026-04-12 19:52:22
339,haw226,mel326,0,2026-04-13 01:15:38
340,mav228,aiu228,1,2026-04-13 16:22:16
341,tbp226,jdh226,1,2026-04-13 16:35:46
342,tbp226,idw226,1,2026-04-13 16:37:05
343,tbp226,djr226,1,2026-04-13 16:38:59
344,tbp226,kap426,1,2026-04-13 16:39:30
345,tbp226,mao326,0,2026-04-13 16:40:02
346,tbp226,mrl326,1,2026-04-13 16:40:18
347,tbp226,las226,1,2026-04-13 16:40:42
348,tbp226,efl226,1,2026-04-13 16:42:21
349,tbp226,zag226,1,2026-04-13 16:42:37
350,tbp226,gab226,0,2026-04-13 16:43:38
351,tbp226,lef226,1,2026-04-13 16:44:17
352,tbp226,zom326,1,2026-04-13 16:48:13
353,jdh226,spd226,0,2026-04-13 17:23:00
354,jdh226,apj226,1,2026-04-13 17:23:25
355,jdh226,jaf426,1,2026-04-13 17:24:10
356,nia228,ans629,1,2026-04-14 14:46:09
357,abn226,rin425,1,2026-04-14 16:12:03
358,abn226,sasc28,1,2026-04-14 16:13:52
359,oya226,jos323,1,2026-04-15 18:18:36
360,oya226,vik328,1,2026-04-17 14:05:12
361,sab926,hac226,1,2026-04-19 19:11:37
362,zcb226,sog228,1,2026-04-19 20:55:12
363,zcb226,shs229,1,2026-04-19 20:55:41
364,zcb226,map828,1,2026-04-19 20:56:11
365,zcb226,alh429,0,2026-04-19 20:56:23
366,zcb226,erk227,1,2026-04-19 20:56:39
367,zcb226,gau229,0,2026-04-19 20:56:49
368,zcb226,ajs326,0,2026-04-19 20:57:12
369,map828,kap429,1,2026-04-19 20:57:33
370,zcb226,nis226,1,2026-04-19 20:57:34
371,zcb226,hmg226,0,2026-04-19 20:57:45
372,map828,nag329,1,2026-04-19 20:57:50
373,zcb226,kas229,1,2026-04-19 20:58:19
374,zcb226,drb228,1,2026-04-19 20:58:42
375,zcb226,mab328,0,2026-04-19 20:58:52
376,zcb226,amc428,1,2026-04-19 20:59:00
377,zcb226,les528,0,2026-04-19 20:59:13
378,zcb226,alb828,1,2026-04-19 20:59:31
379,zcb226,ers227,0,2026-04-19 20:59:53
380,zcb226,grb528,1,2026-04-19 21:00:50
381,zcb226,maj329,0,2026-04-19 21:01:01
382,zcb226,nom229,1,2026-04-19 21:01:13
383,kap429,ecm229,0,2026-04-19 21:01:25
384,zcb226,bdg227,0,2026-04-19 21:01:43
385,zcb226,jek429,1,2026-04-19 21:02:18
386,zcb226,sos228,1,2026-04-19 21:02:37
387,zcb226,geh229,1,2026-04-19 21:03:56
388,zcb226,ems329,1,2026-04-19 21:04:07
389,zcb226,mgd229,0,2026-04-19 21:04:20
390,zcb226,ahd229,0,2026-04-19 21:04:48
391,zcb226,ris228,1,2026-04-19 21:05:01
392,zcb226,soa428,0,2026-04-19 21:05:49
393,zcb226,maa428,1,2026-04-19 21:05:59
394,kap429,chs329,0,2026-04-19 22:07:46
395,kap429,avp229,0,2026-04-20 14:07:50
396,kap429,arw329,1,2026-04-20 14:08:05
397,oya226,kak408,0,2026-04-20 17:30:07
398,oya226,ref228,1,2026-04-20 20:50:23
399,oya226,mag228,0,2026-04-20 20:52:38
400,oya226,tom228,1,2026-04-20 22:05:56
401,oya226,jhh326,1,2026-04-20 22:12:18
402,oya226,e00421,1,2026-04-21 20:06:52
403,oya226,kah628,1,2026-04-21 20:08:50
404,oya226,anh328,0,2026-04-21 20:09:09
405,oya226,anh328,1,2026-04-21 20:11:01
406,oya226,anh328,1,2026-04-21 20:11:02
407,tbp226,lja226,1,2026-04-22 01:03:27
408,tbp226,ejb226,1,2026-04-22 01:05:45
409,tbp226,ndd226,1,2026-04-22 01:06:05
410,tbp226,ja0226,0,2026-04-22 01:07:30
411,tbp226,mjf326,1,2026-04-22 01:12:15
412,tbp226,tmm226,1,2026-04-22 01:15:41
413,tbp226,oah226,1,2026-04-22 01:16:03
414,tbp226,ajv227,1,2026-04-22 01:16:35
415,tbp226,sal226,1,2026-04-22 01:17:39
416,tbp226,ael226,1,2026-04-22 01:21:50
417,tbp226,dps226,1,2026-04-22 01:22:45
418,tbp226,dnd226,1,2026-04-22 01:22:59
419,tbp226,srs326,1,2026-04-22 01:23:22
420,tbp226,elr527,1,2026-04-22 01:25:24
421,tbp226,ajj327,1,2026-04-22 01:25:38
422,tbp226,kmv226,1,2026-04-22 01:25:49
423,tbp226,jgm226,1,2026-04-22 01:26:01
424,tbp226,kmw226,0,2026-04-22 01:26:09
425,tbp226,taw228,1,2026-04-22 01:27:30
426,tbp226,kgt227,1,2026-04-22 01:27:39
427,tbp226,lmd227,0,2026-04-22 01:27:45
428,tbp226,iak227,1,2026-04-22 01:27:54
429,tbp226,jgk327,1,2026-04-22 01:36:54
430,tbp226,rcd327,1,2026-04-22 01:37:06
431,tbp226,gep527,0,2026-04-22 01:37:17
432,tbp226,rth227,1,2026-04-22 01:37:28
433,tbp226,mgp226,0,2026-04-22 01:37:44
434,tbp226,cck226,1,2026-04-22 01:38:04
435,tbp226,ajr226,0,2026-04-22 01:38:28
436,tbp226,bat226,1,2026-04-22 01:38:39
437,tbp226,asd726,1,2026-04-22 01:38:49
438,tbp226,mgp226,1,2026-04-22 01:38:59
439,tbp226,tof226,0,2026-04-22 01:39:16
440,tbp226,jnd226,1,2026-04-22 01:39:30
441,rcd327,eaf327,0,2026-04-22 01:40:25
442,tbp226,ksm226,1,2026-04-22 01:40:28
443,tbp226,bsd226,1,2026-04-22 01:40:37
444,tbp226,ahs426,1,2026-04-22 01:40:50
445,tbp226,aba226,1,2026-04-22 01:40:58
446,tbp226,grl226,1,2026-04-22 01:41:10
447,tbp226,tet226,0,2026-04-22 01:41:19
448,tbp226,ajr226,1,2026-04-22 01:41:31
449,tbp226,lbd226,1,2026-04-22 01:41:48
450,tbp226,ait227,1,2026-04-22 01:42:15
451,tbp226,ryv226,0,2026-04-22 01:42:46
452,tbp226,jrc226,1,2026-04-22 01:42:59
453,tbp226,mac226,1,2026-04-22 01:43:14
454,tbp226,tet226,0,2026-04-22 01:43:24
455,tbp226,jgm227,0,2026-04-22 01:44:12
456,tbp226,mip426,0,2026-04-22 01:44:53
457,tbp226,seg226,1,2026-04-22 01:45:05
458,tbp226,mrs325,1,2026-04-22 01:45:40
459,rth227,gep527,1,2026-04-22 01:45:42
460,tbp226,ckb225,1,2026-04-22 01:45:54
461,tbp226,cai225,1,2026-04-22 01:46:03
462,tbp226,tet226,0,2026-04-22 01:46:13
463,tbp226,art226,1,2026-04-22 01:46:26
464,tbp226,lrs326,1,2026-04-22 01:47:06
465,rth227,chsc28@lehigh.edu,0,2026-04-22 01:47:08
466,tbp226,sjg426,0,2026-04-22 01:47:22
467,tbp226,tet226,1,2026-04-22 01:47:37
468,rth227,mif428,0,2026-04-22 01:47:52
469,rth227,ance28,1,2026-04-22 01:48:04
470,tbp226,ckw326,1,2026-04-22 01:49:28
471,tbp226,dam328,1,2026-04-22 01:50:04
472,tbp226,bsc226,0,2026-04-22 01:50:21
473,grl226,vbc226,1,2026-04-22 01:51:29
474,tbp226,sds326,1,2026-04-22 01:51:42
475,tbp226,jkv226,1,2026-04-22 01:52:13
476,tbp226,tii226,0,2026-04-22 01:53:08
477,rth227,lmd227,1,2026-04-22 01:59:52
478,taw228,shk828,1,2026-04-22 12:29:37
479,taw228,isi328,0,2026-04-22 12:30:33
480,taw228,agm326,1,2026-04-22 12:31:34
481,taw228,wih228,1,2026-04-22 12:31:45
482,shk828,mab928,0,2026-04-22 18:49:28
483,shk828,isi328,1,2026-04-22 18:49:48
484,mkk322,jbf523,1,2026-04-23 13:10:30
485,mkk322,amr215,1,2026-04-23 13:10:41
486,mkk322,ambb16,0,2026-04-23 13:11:02
487,mkk322,aeb723,1,2026-04-23 13:11:23
488,mkk322,ambb16,0,2026-04-23 13:12:23
489,amr215,ambb16,1,2026-04-23 13:15:53
490,amr215,kasb16,0,2026-04-23 13:19:31
491,aeb723,mag316,1,2026-04-23 14:32:51
492,mkk322,sap722,1,2026-04-23 14:52:30
493,zcb226,shy226,1,2026-04-25 23:28:05
494,sab926,sol226,1,2026-04-26 20:24:38
495,mkk322,lra219,1,2026-04-27 14:57:49
496,bgc226,las327,0,2026-04-28 16:22:36
497,bgc226,arj227,1,2026-04-28 16:27:59
498,bgc226,jbh227,0,2026-04-28 16:28:15
499,abn226,mif428,0,2026-04-28 16:29:57
500,bgc226,jbh227,1,2026-04-28 16:30:16
501,abn226,eml329,0,2026-04-28 16:30:19
502,abn226,sop628,1,2026-04-28 16:30:38
503,bgc226,dtc225,1,2026-04-28 16:33:13
504,bgc226,trt226,0,2026-04-28 16:33:58
505,abn226,dau228,1,2026-04-28 16:34:51
506,abn226,alg328,0,2026-04-28 16:35:04
507,abn226,srh229,1,2026-04-28 16:36:10
508,abn226,tvg229,0,2026-04-28 16:36:26
509,abn226,amm327,1,2026-04-28 16:36:38
510,dtc225,srh225,1,2026-04-28 16:37:14
511,bgc226,trt226,1,2026-04-28 16:37:32
512,bgc226,mip426,1,2026-04-28 16:39:23
513,bgc226,tvg229,1,2026-04-28 16:40:00
514,abn226,alg328,1,2026-04-28 16:40:18
515,srh225,erf225,0,2026-04-28 16:40:59
516,alg328,jol928,1,2026-04-28 16:41:35
517,bgc226,ger326,1,2026-04-28 16:41:55
518,bgc226,jer326,1,2026-04-28 16:42:14
519,abn226,rog728,0,2026-04-28 16:42:21
520,srh225,erf225,0,2026-04-28 16:42:48
521,bgc226,anm826,0,2026-04-28 16:42:53
522,dtc225,rts325,1,2026-04-28 16:44:10
523,tvg229,cob229,1,2026-04-28 16:44:21
524,bgc226,mif428,1,2026-04-28 16:45:49
525,jol928,jov328@lehigh.edu,1,2026-04-28 16:47:03
526,jol928,jov328,1,2026-04-28 16:47:15
527,abn226,rog728,1,2026-04-28 16:47:48
528,bgc226,apt226,1,2026-04-28 16:49:59
529,bgc226,las327,0,2026-04-28 16:50:23
530,bgc226,amc526,0,2026-04-28 16:50:32
531,srh229,gap229,1,2026-04-28 16:50:40
532,bgc226,amc526,1,2026-04-28 16:52:39
533,bgc226,bsc226,1,2026-04-28 16:52:44
534,bgc226,lam326,1,2026-04-28 16:53:11
535,bgc226,eah327,1,2026-04-28 16:53:25
536,bgc226,wis426,1,2026-04-28 16:53:47
537,bgc226,jer523,0,2026-04-28 16:56:57
538,bgc226,las327,1,2026-04-28 16:58:02
539,bgc226,anm826,1,2026-04-28 16:58:45
540,bgc226,cle228,0,2026-04-28 17:00:45
541,bgc226,bec226,1,2026-04-28 18:34:02
542,bgc226,cle228,1,2026-04-28 18:36:00
543,bgc226,soma28,1,2026-04-28 18:36:12
544,bgc226,nca227,1,2026-04-28 18:36:33
545,bgc226,pco226,1,2026-04-28 18:37:49
546,bgc226,jlc426,1,2026-04-28 18:38:43
547,abn226,jto226,1,2026-04-28 18:38:58
548,oml226,rmm226,1,2026-04-28 18:39:00
549,bgc226,xms227,1,2026-04-28 18:39:20
550,bgc226,chs426,0,2026-04-28 18:39:35
551,abn226,chs426,1,2026-04-28 18:39:44
552,oml226,sop228,0,2026-04-28 18:39:57
553,abn226,jbf226,1,2026-04-28 18:40:12
554,oml226,aid228,1,2026-04-28 18:40:16
555,abn226,joa328,1,2026-04-28 18:41:02
556,abn226,skl226,1,2026-04-28 18:41:28
557,gvw227,evk228,0,2026-04-28 18:41:41
558,abn226,din227,1,2026-04-28 18:41:43
559,bgc226,eml329,1,2026-04-28 18:41:51
560,gvw227,lks227,1,2026-04-28 18:41:59
561,abn226,nid426,1,2026-04-28 18:42:12
562,gvw227,acm427,1,2026-04-28 18:42:20
563,bgc226,aic226,1,2026-04-28 18:42:24
564,bgc226,jer523,1,2026-04-28 18:42:40
565,gvw227,cal526,1,2026-04-28 18:42:46
566,oml226,brt228,1,2026-04-28 18:42:52
567,gvw227,lib228,1,2026-04-28 18:42:59
568,bgc226,caa326,1,2026-04-28 18:43:15
569,oml226,adh527,1,2026-04-28 18:43:17
570,oml226,sks327,1,2026-04-28 18:43:35
571,gvw227,avm229,0,2026-04-28 18:43:47
572,oml226,kmh227,1,2026-04-28 18:43:48
573,bgc226,anp926,1,2026-04-28 18:43:57
574,gvw227,sua229,1,2026-04-28 18:44:01
575,oml226,jrp427,1,2026-04-28 18:44:10
576,gvw227,amc228,1,2026-04-28 18:44:18
577,oml226,mac329,1,2026-04-28 18:44:26
578,gvw227,sjg229,0,2026-04-28 18:44:32
579,gvw227,gic424,1,2026-04-28 18:44:46
580,oml226,sog229,1,2026-04-28 18:44:55
581,gvw227,mor228,1,2026-04-28 18:44:59
582,gvw227,rut227,1,2026-04-28 18:45:16
583,gvw227,iam327,0,2026-04-28 18:45:35
584,gvw227,mas327,1,2026-04-28 18:45:48
585,gvw227,mah337,1,2026-04-28 18:45:59
586,gvw227,mah337,1,2026-04-28 18:46:00
587,bgc226,ted228,0,2026-04-28 18:46:10
588,gvw227,los323,1,2026-04-28 18:46:56
589,gvw227,crf226,1,2026-04-28 18:47:20
590,gvw227,sap328,1,2026-04-28 18:48:53
591,gvw227,cja229,1,2026-04-28 18:49:11
592,gvw227,lss327,0,2026-04-28 18:49:32
593,bgc226,sev226,1,2026-04-28 18:50:10
594,gvw227,evk228,1,2026-04-28 18:50:23
595,gvw227,avm229,1,2026-04-28 18:50:52
596,gvw227,lss327,1,2026-04-28 18:51:14
597,gvw227,erf225,1,2026-04-28 18:51:33
598,bgc226,rgh227,1,2026-04-28 18:51:59
599,gvw227,lss227,1,2026-04-28 18:52:14
600,gvw227,lss227,0,2026-04-28 18:52:16
601,bgc226,kea426,0,2026-04-28 18:52:25
602,gvw227,kea426,0,2026-04-28 18:52:43
603,oml226,kea426,1,2026-04-28 18:52:58
604,bgc226,mjg226,1,2026-04-28 18:53:23
605,oml226,lbh226,0,2026-04-28 18:53:29
606,bgc226,rut226,1,2026-04-28 18:53:33
607,bgc226,lbh226,1,2026-04-28 18:53:41
608,lks227,cwh227,1,2026-04-28 18:54:54
609,bgc226,mpp226,1,2026-04-28 18:55:07
610,bgc226,arl426,1,2026-04-28 18:55:20
611,cle228,kam328,1,2026-04-28 18:57:27
612,eml329,zor329,0,2026-04-28 18:57:29
613,cle228,ave228,1,2026-04-28 18:57:42
614,bgc226,err425,1,2026-04-28 18:57:48
615,cle228,jok528,1,2026-04-28 18:58:01
616,eml329,ljl229,1,2026-04-28 18:58:04
617,bgc226,cav427,1,2026-04-28 18:58:06
618,cle228,kym328,1,2026-04-28 18:58:15
619,bgc226,cam226,1,2026-04-28 18:58:27
620,bgc226,xir226,1,2026-04-28 18:58:39
621,eml329,ddc229,1,2026-04-28 18:58:44
622,lib228,aiw228,1,2026-04-28 18:58:51
623,lib228,alt229,1,2026-04-28 18:59:48
624,bgc226,smu226,0,2026-04-28 18:59:58
625,lib228,sip328,1,2026-04-28 19:00:01
626,cle228,zas728,1,2026-04-28 19:00:45
627,bgc226,emv226,1,2026-04-28 19:01:02
628,bgc226,smu226,1,2026-04-28 19:01:10
629,lib228,etd428,1,2026-04-28 19:01:16
630,kam328,chsc28,1,2026-04-28 19:01:47
631,kam328,phb228,1,2026-04-28 19:02:23
632,lib228,add228,1,2026-04-28 19:06:50
633,lib228,anz228,0,2026-04-28 19:07:06
634,gvw227,mpe227,1,2026-04-28 19:11:16
635,gvw227,luf528,1,2026-04-28 19:12:09
636,gvw227,bes227,1,2026-04-28 19:12:25
637,gvw227,tng227,1,2026-04-28 19:14:51
638,bgc226,ted228,1,2026-04-28 19:15:34
639,gvw227,noa228,0,2026-04-28 19:15:44
640,bgc226,bcg226,1,2026-04-28 19:16:41
641,gvw227,lrf223,0,2026-04-28 19:16:46
642,bgc226,lrf223,1,2026-04-28 19:17:03
643,bgc226,nir226,1,2026-04-28 19:17:39
644,bgc226,grr227,1,2026-04-28 19:18:06
645,mor228,mim328,1,2026-04-28 19:19:14
646,bgc226,sam226,1,2026-04-28 19:19:28
647,gvw227,noa228,1,2026-04-28 19:19:37
648,gvw227,sop228,1,2026-04-28 19:19:43
649,gvw227,lis227,1,2026-04-28 19:21:40
650,gvw227,iam327,0,2026-04-28 19:21:55
651,gvw227,psd227,1,2026-04-28 19:22:39
652,gvw227,iam227,1,2026-04-28 19:22:47
653,sap328,kas328,1,2026-04-28 20:13:48
654,xms227,shb227,1,2026-04-29 20:45:20
655,xms227,jmc427,1,2026-04-29 20:45:37
656,haw226,aro228,1,2026-04-29 21:04:40
657,haw226,mue229,1,2026-04-29 21:08:07
658,jeo227,elm229,0,2026-04-30 12:43:24
659,jeo227,alr629,1,2026-04-30 12:44:43
660,jeo227,elm229,1,2026-04-30 12:44:56
661,jeo227,beb228,1,2026-04-30 12:45:11
662,jeo227,kev228,1,2026-04-30 12:45:22
663,jeo227,lmf226,1,2026-04-30 12:45:33
664,jeo227,myl429,1,2026-04-30 12:45:44
665,jeo227,lte229,1,2026-04-30 12:45:56
666,jeo227,siz228,1,2026-04-30 12:46:09
667,elm229,adm229,0,2026-04-30 12:49:45
668,elm229,mad824,0,2026-04-30 12:50:01
669,elm229,mam529,1,2026-04-30 12:50:19
670,elm229,mam529,1,2026-04-30 12:50:19
671,elm229,jac525,1,2026-04-30 12:52:23
672,elm229,jac525,1,2026-04-30 12:52:24
673,elm229,lmd229,1,2026-04-30 12:52:37
674,elm229,lmd229,1,2026-04-30 12:52:38
675,elm229,jmb329,1,2026-04-30 12:54:12
676,jeo227,com523,1,2026-04-30 13:20:46
677,alr629,kyn229,0,2026-04-30 13:28:38
678,alr629,mel229,0,2026-04-30 13:28:50
679,alr629,naa229,1,2026-04-30 13:29:24
